{
  "conditions": [
    {
      "type": "forge:not",
      "value": { "type": "forge:tag_empty", "tag": "forge:ingots/brass" }
    },
    {
      "type": "forge:not",
      "value": { "type": "forge:tag_empty", "tag": "forge:rods/brass" }
    }
  ],
  "type": "immersiveengineering:metal_press",
  "energy": 2400,
  "input": {
    "tag": "forge:ingots/brass"
  },
  "mold": "immersiveengineering:mold_rod",
  "result": {
    "base_ingredient": {
      "item": "createaddition:brass_rod"
    },
    "count": 2
  }
}
