{
  "type": "pneumaticcraft:pressure_chamber",
  "inputs": [
    {
      "type": "pneumaticcraft:stacked_item",
      "count": 3,
      "tag": "forge:wires"
    },
    {
      "type": "pneumaticcraft:stacked_item",
      "count": 5,
      "tag": "forge:dusts/redstone"
    },
    {
      "type": "pneumaticcraft:stacked_item",
      "count": 2,
      "item": "refinedstorage:silicon"
    },
    {
      "item": "pneumaticcraft:plastic"
    }
  ],
  "pressure": 1.0,
  "results": [
    {
      "item": "pneumaticcraft:transistor"
    }
  ]
}
