{
  "type": "create:mechanical_crafting",
  "pattern": [
    "    SS   ",
    "LRRRRRRRR",
    "L CVLLA L"
  ],
  "key": {
    "L": {
      "item": "alloyed:steel_sheet"
    },
    "R": {
      "item": "alloyedguns:small_steel_pipe"
    },
    "S": {
      "item": "alloyed:steel_ingot"
    },
    "C": {
      "item": "alloyedguns:complex_gun_kit"
    },
    "V": {
      "item": "minecraft:crossbow"
    },
    "A": {
      "item": "alloyedguns:advanced_gun_kit"
    }
  },
  "result": {
    "item": "cgm:heavy_rifle"
  },
  "acceptMirrored": true
}