{
  "conditions": [
    {
      "type": "forge:and",
      "values": [
        {
          "type": "forge:mod_loaded",
          "modid": "mekanism"
        },
        {
          "type": "forge:mod_loaded",
          "modid": "create"
        },
        {
          "type": "forge:mod_loaded",
          "modid": "vintageimprovements"
        }
      ]
    }
  ],
  "type": "mekanism:infusion_conversion",
  "input": {
    "ingredient": {
      "item": "vintageimprovements:redstone_module"
    }
  },
  "output": {
    "amount": 2,
    "infuse_type": "mekanism:redstone"
  },
  "show_notification": true
}
