{
  "conditions": [
    {
      "type": "forge:and",
      "values": [
        {
          "type": "forge:mod_loaded",
          "modid": "create"
        },
        {
          "type": "forge:mod_loaded",
          "modid": "herbalbrews"
        }
      ]
    }
  ],
  "type": "herbalbrews:kettle_brewing",
  "experience": 0.5,
  "ingredients": [
    {
      "tag": "minecraft:leaves"
    },
    {
      "item": "minecraft:water_bucket"
    },
    {
      "tag": "forge:milk"
    }
  ],
  "result": {
    "item": "create:builders_tea"
  }
}
