{
  "type": "create:compacting",
  "conditions": [
    {
      "type": "forge:and",
      "values": [
        {
          "type": "forge:mod_loaded",
          "modid": "immersiveengineering"
        },
        {
          "type": "forge:not",
          "value": {
            "type": "forge:tag_empty",
            "tag": "createbigcannons:ingot_steel"
          }
        }
      ]
    }
  ],
  "ingredients": [
    {
      "amount": 90,
      "fluidTag": "forge:molten_steel"
    }
  ],
  "results": [
    {
      "item": "immersiveengineering:ingot_steel"
    }
  ]
}
