{
    "type":"create:mechanical_crafting",
    "key":{
        "#":{
            "item":"mekanism:basic_fluid_tank"
        },
        "C":{
            "tag":"forge:circuits/basic"
        },
        "E":{
            "item":"mekanism:energy_tablet"
        },
        "G":{
            "tag":"forge:glass"
        },
        "T":{
            "item":"mekanism:basic_chemical_tank"
        }
    },
    "pattern":[
        "GCG",
        "TE#",
        "GCG"
    ],
    "result":{
        "item":"mekanism:rotary_condensentrator"
    }
}