{
  "conditions": [
    {
      "type": "forge:and",
      "values": [
        {
          "type": "forge:mod_loaded",
          "modid": "create"
        },
        {
          "type": "forge:mod_loaded",
          "modid": "tfmg"
        },
        {
          "type": "forge:not",
          "value": {
            "type": "forge:tag_empty",
            "tag": "forge:plates/steel"
          }
        }
      ]
    }
  ],
  "type": "create:sequenced_assembly",
  "ingredient": {
    "item": "create:brass_casing"
  },
  "transitionalItem": {
    "item": "create:railway_casing"
  },
  "sequence": [
    {
      "type": "create:deploying",
      "ingredients": [
        {
          "item": "create:railway_casing"
        },
        {
          "tag": "forge:plates/steel"
        }
      ],
      "results": [
        {
          "item": "create:railway_casing"
        }
      ]
    },
    {
      "type": "create:pressing",
      "ingredients": [
        {
          "item": "create:railway_casing"
        }
      ],
      "results": [
        {
          "item": "create:railway_casing"
        }
      ]
    },
    {
      "type": "create:deploying",
      "ingredients": [
        {
          "item": "create:railway_casing"
        },
        {
          "item": "create:flywheel"
        }
      ],
      "results": [
        {
          "item": "create:railway_casing"
        }
      ]
    },
    {
      "type": "create:deploying",
      "ingredients": [
        {
          "item": "create:railway_casing"
        },
        {
          "item": "tfmg:screw"
        }
      ],
      "results": [
        {
          "item": "create:railway_casing"
        }
      ]
    },
    {
      "type": "create:deploying",
      "ingredients": [
        {
          "item": "create:railway_casing"
        },
        {
          "item": "tfmg:screwdriver"
        }
      ],
      "results": [
        {
          "item": "create:railway_casing"
        }
      ]
    },
    {
      "type": "create:deploying",
      "ingredients": [
        {
          "item": "create:railway_casing"
        },
        {
          "item": "create:steam_engine"
        }
      ],
      "results": [
        {
          "item": "create:railway_casing"
        }
      ]
    }
  ],
  "results": [
    {
      "item": "create:railway_casing",
      "count": 1
    }
  ],
  "loops": 4
}
