{
  "conditions": [
    {
      "type": "forge:and",
      "values": [
        {
          "type": "forge:mod_loaded",
          "modid": "create"
        },
        {
          "type": "forge:not",
          "value": {
            "type": "forge:tag_empty",
            "tag": "forge:rods/steel"
          }
        },
        {
          "type": "forge:not",
          "value": {
            "type": "forge:tag_empty",
            "tag": "forge:plates/steel"
          }
        },
        {
          "type": "forge:mod_loaded",
          "modid": "tfmg"
        },
        {
          "type": "forge:mod_loaded",
          "modid": "immersiveengineering"
        }
      ]
    }
  ],
  "type": "create:sequenced_assembly",
  "ingredient": {
    "item": "minecraft:oak_slab"
  },
  "loops": 1,
  "results": [
    {
      "item": "railways:track_oak",
      "count": 4
    }
  ],
  "sequence": [
    {
      "type": "create:cutting",
      "ingredients": [
        {
          "item": "railways:track_incomplete_oak"
        }
      ],
      "results": [
        {
          "item": "railways:track_incomplete_oak"
        }
      ]
    },
    {
      "type": "create:filling",
      "ingredients": [
        {
          "item": "railways:track_incomplete_oak"
        },
        {
          "amount": 62.5,
          "fluid": "immersiveengineering:creosote",
          "nbt": {}
        }
      ],
      "results": [
        {
          "item": "railways:track_incomplete_oak"
        }
      ]
    },
    {
      "type": "create:deploying",
      "ingredients": [
        {
          "item": "railways:track_incomplete_oak"
        },
        [
          {
            "tag": "forge:plates/steel"
          }
        ]
      ],
      "results": [
        {
          "item": "railways:track_incomplete_oak"
        }
      ]
    },
    {
      "type": "create:deploying",
      "ingredients": [
        {
          "item": "railways:track_incomplete_oak"
        },
        [
          {
            "tag": "forge:rods/steel"
          }
        ]
      ],
      "results": [
        {
          "item": "railways:track_incomplete_oak"
        }
      ]
    },
    {
      "type": "create:deploying",
      "ingredients": [
        {
          "item": "railways:track_incomplete_oak"
        },
        [
          {
            "tag": "forge:rods/steel"
          }
        ]
      ],
      "results": [
        {
          "item": "railways:track_incomplete_oak"
        }
      ]
    },
    {
      "type": "create:deploying",
      "ingredients": [
        {
          "item": "railways:track_incomplete_oak"
        },
        [
          {
            "item": "tfmg:screw"
          }
        ]
      ],
      "results": [
        {
          "item": "railways:track_incomplete_oak"
        }
      ]
    },
    {
      "type": "create:pressing",
      "ingredients": [
        {
          "item": "railways:track_incomplete_oak"
        }
      ],
      "results": [
        {
          "item": "railways:track_incomplete_oak"
        }
      ]
    }
  ],
  "transitionalItem": {
    "item": "railways:track_incomplete_oak"
  }
}
