{
  "type": "forge:conditional",
  "recipes": [
    {
      "conditions": [
        {
          "type": "create_connected:feature_enabled",
          "feature": "create_connected:freewheel_clutch"
        }
      ],
      "recipe": {
        "type": "minecraft:crafting_shapeless",
        "category": "misc",
        "ingredients": [
          {
            "item": "create:andesite_casing"
          },
          {
            "item": "create:shaft"
          },
          {
            "tag": "forge:plates/iron"
          },
          {
            "item": "create:cogwheel"
          }
        ],
        "result": {
          "item": "create_connected:freewheel_clutch"
        }
      }
    }
  ]
}
