{
  "type": "minecraft:crafting_shaped",
  "conditions": [
    {
      "type": "forge:item_exists",
      "item": "mekanismgenerators:fusion_reactor_controller"
    } ],
  "key": {
    "C": { "tag": "forge:circuits/ultimate" },
    "F": { "item": "mekanismgenerators:fusion_reactor_frame" },
    "G": { "tag": "forge:glass_panes" },
    "T": { "item": "mekanism:basic_chemical_tank" }
  },
  "pattern": ["CGC", "FTF", "FFF"],
  "result": { "item": "mekanismgenerators:fusion_reactor_controller" }
}
