{
  "general": {
    "rate": 150,
    "gripType": "cgm:two_handed",
    "maxAmmo": 1,
    "reloadAmount": 1,
    "recoilAngle": 10.0,
    "recoilAdsReduction": 0.5,
    "alwaysSpread": true,
    "spread": 12.0
  },
  "projectile": {
    "item": "alloyedguns:crude_shot",
    "damage": 13.0,
    "size": 0.1,
    "speed": 10.0,
    "life": 25,
    "gravity": true
  },
  "sounds": {
    "fire": "cgm:item.pistol.fire",
    "reload": "cgm:item.pistol.reload",
    "cock": "cgm:item.pistol.cock",
    "silencedFire": "cgm:item.pistol.silenced_fire",
    "enchantedFire": "cgm:item.pistol.enchanted_fire"
  },
  "display": {
    "flash": {
      "yOffset": 3.0,
      "zOffset": -8.21
    }
  },
  "modules": {
    "zoom": {
      "yOffset": 4.0,
      "zOffset": -1.0,
      "fovModifier": 0.7
    }
  }
}