{
  "type": "create:mechanical_crafting",
  "pattern": [
    "SSSSS",
    " ~ ~ ",
    " H_EP",
    " HHH "
  ],
  "key": {
    "H": [
      {
        "item": "immersive_aircraft:hull"
      }
    ],
    "E": [
      {
        "item": "immersive_aircraft:engine"
      }
    ],
    "P": [
      {
        "item": "create:propeller"
      }
    ],
    "S": [
      {
        "item": "immersive_aircraft:sail"
      }
    ],
    "~": [
      {
        "item": "create:mechanical_arm"
      }
    ],
    "_": [
      {
        "item": "create:red_seat"
      }
    ]
  },
  "result": {
    "item": "ad_astra:nasa_workbench"
  },
  "acceptMirrored": true
}