{
  "conditions": [
    {
      "type": "forge:mod_loaded",
      "modid": "create"
    },
    {
      "type": "forge:mod_loaded",
      "modid": "immersiveengineering"
    }
  ],
  "type": "create:mixing",
  "ingredients": [
    {
      "type": "forge:nbt",
      "item": "productivebees:configurable_honeycomb",
      "nbt": {
        "EntityTag": {
          "type": "productivebees:steel"
        }
      }
    }
  ],
  "results": [
    {
      "item": "immersiveengineering:dust_steel",
      "chance": 0.4
    },
    {
      "item": "productivebees:wax"
    },
    {
      "fluid": "productivebees:honey",
      "amount": 50
    }
  ],
  "heatRequirement": "heated"
}
