{
    "condition":
    {
        "type": "forge:mod_loaded",
        "modid": "automobility"
      },
    "type": "automobility:auto_mechanic_table",
    "category": "automobility:attachments",
    "sortnum": 201,
    "ingredients": [
        {"item": "minecraft:chest"},
        {"tag": "minecraft:stone_crafting_materials"},
        {"item": "minecraft:stick"},
        {"tag": "minecraft:planks"}
    ],
    "result": {
        "item": "automobility:rear_attachment",
        "component": "automobility:chest"
    }
}