{
    "condition":
    {
        "type": "forge:mod_loaded",
        "modid": "automobility"
      },
    "type": "automobility:auto_mechanic_table",
    "category": "automobility:attachments",
    "sortnum": 100,
    "ingredients": [
        {"tag": "minecraft:wool"},
        {"tag": "minecraft:wool"},
        {"tag": "minecraft:planks"},
        {"item": "minecraft:iron_ingot"},
        {"item": "minecraft:stick"},
        {"tag": "minecraft:logs"}
    ],
    "result": {
        "item": "automobility:rear_attachment",
        "component": "automobility:passenger_seat"
    }
}