{
  "type": "immersiveengineering:alloy",
  "conditions": [
    {
      "type": "forge:not",
      "value": {
        "type": "forge:tag_empty",
        "tag": "forge:ingots/brass"
      }
    },
    {
      "type": "forge:not",
      "value": {
        "type": "forge:tag_empty",
        "tag": "forge:ingots/zinc"
      }
    }
  ],
  "input0": {
    "tag": "forge:ingots/copper"
  },
  "input1": {
    "tag": "forge:ingots/zinc"
  },
  "result": {
    "base_ingredient": {
      "item": "create:brass_ingot"
    },
    "count": 2
  },
  "time": 200
}
