{
  "conditions": [
    {
      "type": "forge:and",
      "values": [
        {
          "type": "forge:mod_loaded",
          "modid": "create"
        },
        {
          "type": "forge:mod_loaded",
          "modid": "immersiveengineering"
        }
      ]
    }
  ],
  "type": "create:mechanical_crafting",
  "acceptMirrored": false,
  "key": {
    "c": {
      "tag": "forge:ingots/copper"
    },
    "p": {
      "item": "create:precision_mechanism"
    },
    "i": {
      "tag": "forge:plates/iron"
    }
  },
  "pattern": ["ipi", "pcp", "ipi"],
  "result": {
    "count": 1,
    "item": "immersiveengineering:component_iron"
  }
}
