{
  "conditions": [
    {
      "type": "forge:and",
      "values": [
        {
          "type": "forge:mod_loaded",
          "modid": "create"
        },
        {
          "type": "forge:mod_loaded",
          "modid": "immersiveengineering"
        },
        {
          "type": "forge:mod_loaded",
          "modid": "tfmg"
        }
      ]
    }
  ],
  "type": "create:mechanical_crafting",
  "key": {
    "C": {
      "item": "immersiveengineering:electromagnet"
    },
    "I": {
      "tag": "forge:storage_blocks/iron"
    },
    "P": {
      "item": "create:precision_mechanism"
    },
    "D": {
      "item": "create:mechanical_bearing"
    },
    "S": {
      "item": "tfmg:steel_mechanism"
    }
  },
  "pattern": ["  C  ", " ISI ", "CPDPC", " ISI ", "  C  "],
  "result": {
    "item": "immersiveengineering:dynamo"
  }
}
