{
  "conditions": [
    {
      "type": "forge:item_exists",
      "item": "mekanismgenerators:solar_panel"
    }
  ],
  "type": "create:mechanical_crafting",
  "acceptMirrored": true,
  "key": {
    "A": {
      "tag": "mekanism:alloys/infused"
    },
    "G": {
      "item": "immersiveengineering:slab_insulating_glass"
    },
    "O": {
      "tag": "forge:ingots/hop_graphite"
    },
    "R": {
      "tag": "forge:wires/copper"
    }
  },
  "pattern": ["GGG", "RAR", "OOO"],
  "result": {
    "count": 1,
    "item": "mekanismgenerators:solar_panel"
  }
}
