{
    "type": "automobility:auto_mechanic_table",
    "condition":
    {
        "type": "forge:mod_loaded",
        "modid": "automobility"
      },
    "category": "automobility:wheels",
    "sortnum": 2,
    "ingredients": [
        {"item": "minecraft:cobbled_deepslate"},
        {"item": "minecraft:iron_ingot"},
        {"item": "minecraft:cobbled_deepslate"}
    ],
    "result": {
        "item": "automobility:automobile_wheel",
        "component": "automobility:street"
    }
}