{
  "conditions": [
    {
      "type": "forge:and",
      "values": [
        {
          "type": "forge:mod_loaded",
          "modid": "mekanism"
        },
        {
          "type": "forge:and",
          "values": [
            {
              "type": "forge:not",
              "value": {
                "type": "forge:mod_loaded",
                "modid": "create"
              }
            },
            {
              "type": "forge:not",
              "value": {
                "type": "forge:mod_loaded",
                "modid": "vintageimprovements"
              }
            }
          ]
        }
      ]
    }
  ],
  "type": "mekanism:infusion_conversion",
  "input": {
    "ingredient": {
      "tag": "forge:dusts/redstone"
    }
  },
  "output": {
    "amount": 10,
    "infuse_type": "mekanism:redstone"
  },
  "show_notification": true
}
