{
    "condition":
    {
        "type": "forge:mod_loaded",
        "modid": "automobility"
      },
    "type": "automobility:auto_mechanic_table",
    "category": "automobility:engines",
    "sortnum": 1,
    "ingredients": [
        {"item": "createindustry:gasoline_engine"},
        {"item": "createindustry:exhaust"},
        {"item": "createindustry:air_intake"},
        {"item": "create:sequenced_gearshift"},
        {"item": "createindustry:steel_fluid_tank"},
        {"item": "create:clutch"},
        {"tag": "forge:storage_blocks/copper"},
        {"tag": "forge:storage_blocks/copper"},
        {"tag": "forge:storage_blocks/copper"}
    ],
    "result": {
        "item": "automobility:automobile_engine",
        "component": "automobility:copper"
    }
}