{
    "type": "automobility:auto_mechanic_table",
    "condition":
    {
        "type": "forge:mod_loaded",
        "modid": "automobility"
      },
    "category": "automobility:engines",
    "sortnum": 0,
    "ingredients": [
        {"item": "createindustry:gasoline_engine"},
        {"item": "createindustry:exhaust"},
        {"item": "createindustry:air_intake"},
        {"item": "create:sequenced_gearshift"},
        {"item": "createindustry:steel_fluid_tank"},
        {"item": "create:clutch"}
    ],
    "result": {
        "item": "automobility:automobile_engine",
        "component": "automobility:stone"
    }
}