{
  "type": "createsifter:sifting",
  "ingredients": [
    {
      "item": "createsifter:zinc_mesh"
    },
    {
      "item": "minecraft:gravel"
    }
  ],
  "processingTime": 500,
  "results": [
    {
      "chance": 0.005,
      "item": "create:copper_nugget"
    },
    {
      "chance": 0.02,
      "item": "create:zinc_nugget"
    },
    {
      "chance": 0.005,
      "item": "minecraft:iron_nugget"
    },
    {
      "chance": 0.01,
      "item": "minecraft:gold_nugget"
    },
    {
      "chance": 0.01,
      "item": "minecraft:coal"
    },
    {
      "chance": 0.005,
      "item": "minecraft:lapis_lazuli"
    },
    {
      "chance": 0.01,
      "item": "minecraft:flint"
    },
    {
      "chance": 0.01,
      "item": "create:experience_nugget"
    }
  ]
}