{
  "type": "createsifter:sifting",
  "ingredients": [
    {
      "item": "createsifter:advanced_brass_mesh"
    },
    {
      "item": "minecraft:gravel"
    }
  ],
  "processingTime": 500,
  "results": [
    {
      "chance": 0.01,
      "item": "create:crushed_raw_copper"
    },
    {
      "chance": 0.01,
      "item": "create:crushed_raw_zinc"
    },
    {
      "chance": 0.005,
      "item": "create:crushed_raw_gold"
    },
    {
      "chance": 0.015,
      "item": "create:crushed_raw_iron"
    },
    {
      "chance": 0.01,
      "item": "minecraft:lapis_lazuli"
    },
    {
      "chance": 0.005,
      "item": "minecraft:diamond"
    },
    {
      "chance": 0.002,
      "item": "minecraft:emerald"
    },
    {
      "chance": 0.01,
      "item": "create:experience_nugget"
    }
  ]
}