{
  "type": "createindustry:advanced_distillation",
  "ingredients": [

    {
      "tag": "forge:crude_oil",
      "nbt": {},
      "amount": 18
    }
  ],
  "results": [
    {
      "fluid": "createindustry:heavy_oil",
      "amount": 4
    },
    {
      "fluid": "createindustry:diesel",
      "amount": 3
    },
    {
      "fluid": "createindustry:kerosene",
      "amount": 2
    },
    {
      "fluid": "createindustry:naphtha",
      "amount": 2
    },
    {
      "fluid": "createindustry:gasoline",
      "amount": 4
    },
    {
      "fluid": "createindustry:lpg",
      "amount": 3
    }
  ]


}
