{
    "type": "automobility:auto_mechanic_table",
    "condition":
    {
        "type": "forge:mod_loaded",
        "modid": "automobility"
      },
    "category": "automobility:frames",
    "sortnum": 1,
    "ingredients": [
        {"item": "create:speedometer"},
        {"tag": "create:seats"},
        {"item": "immersiveengineering:light_bulb"},
        {"tag": "forge:glass_panes"},
        {"tag": "forge:rods/iron"},
        {"tag": "forge:rods/iron"},
        {"tag": "forge:plates/iron"},
        {"tag": "forge:plates/iron"},
        {"tag": "forge:storage_blocks/copper"}
    ],
    "result": {
        "item": "automobility:automobile_frame",
        "component": "automobility:copper_motorcar"
    }
}