{
    "condition":
    {
        "type": "forge:mod_loaded",
        "modid": "automobility"
      },
    "type": "automobility:auto_mechanic_table",
    "category": "automobility:frames",
    "sortnum": 99900,
    "ingredients": [
        {"item": "minecraft:blaze_powder"},
        {"item": "minecraft:carved_pumpkin"},
        {"tag": "minecraft:flowers"}
    ],
    "result": {
        "item": "automobility:automobile_frame",
        "component": "automobility:pineapple"
    }
}