{
    "condition":
    {
        "type": "forge:mod_loaded",
        "modid": "automobility"
      },
    "type": "automobility:auto_mechanic_table",
    "category": "automobility:frames",
    "sortnum": 402,
    "ingredients": [
        {"item": "minecraft:redstone"},
        {"item": "minecraft:prismarine_bricks"},
        {"item": "minecraft:nautilus_shell"},
        {"item": "minecraft:cut_sandstone"},
        {"item": "minecraft:leather"},
        {"item": "minecraft:iron_ingot"},
        {"item": "minecraft:prismarine_shard"}
    ],
    "result": {
        "item": "automobility:automobile_frame",
        "component": "automobility:prismarine_rickshaw"
    }
}