{
    "type": "automobility:auto_mechanic_table",
    "condition":
    {
        "type": "forge:mod_loaded",
        "modid": "automobility"
      },
    "category": "automobility:frames",
    "sortnum": 301,
    "ingredients": [
        {"item": "minecraft:iron_ingot"},
        {"item": "minecraft:copper_block"},
        {"item": "minecraft:orange_dye"},
        {"item": "minecraft:leather"},
        {"item": "minecraft:calcite"},
        {"item": "minecraft:iron_ingot"}
    ],
    "result": {
        "item": "automobility:automobile_frame",
        "component": "automobility:standard_orange"
    }
}