{
    "type": "automobility:auto_mechanic_table",
    "category": "automobility:frames",
    "sortnum": 300,
    "ingredients": [
        {"item": "minecraft:iron_ingot"},
        {"item": "minecraft:copper_block"},
        {"item": "minecraft:white_dye"},
        {"item": "minecraft:leather"},
        {"item": "minecraft:calcite"},
        {"item": "minecraft:iron_ingot"}
    ],
    "result": {
        "item": "automobility:automobile_frame",
        "component": "automobility:standard_white"
    }
}