{
    "condition":
    {
        "type": "forge:mod_loaded",
        "modid": "automobility"
      },
    "type": "automobility:auto_mechanic_table",
    "category": "automobility:frames",
    "sortnum": 101,
    "ingredients": [
        {"item": "minecraft:iron_ingot"},
        {"item": "minecraft:copper_block"},
        {"tag": "minecraft:stone_crafting_materials"},
        {"item": "minecraft:yellow_dye"},
        {"item": "minecraft:iron_bars"}
    ],
    "result": {
        "item": "automobility:automobile_frame",
        "component": "automobility:yellow_tractor"
    }
}