{
  "conditions": [
    {
      "type": "forge:item_exists",
      "item": "mekanismgenerators:advanced_solar_generator"
    }
  ],
  "type": "create:mechanical_crafting",
  "acceptMirrored": true,
  "key": {
    "A": {
      "tag": "mekanism:alloys/infused"
    },
    "I": {
      "tag": "forge:ingots/iron"
    },
    "P": {
      "item": "mekanismgenerators:solar_generator"
    }
  },
  "pattern": ["PAP", "PAP", "III"],
  "result": {
    "count": 1,
    "item": "mekanismgenerators:advanced_solar_generator"
  }
}
