{
  "type": "minecraft:crafting_shaped",
  "conditions": [
    {
      "type": "forge:item_exists",
      "item": "mekanismgenerators:bio_generator"
    } ],
  "key": {
    "A": { "tag": "mekanism:alloys/infused" },
    "B": { "tag": "forge:fuels/bio" },
    "C": { "tag": "forge:circuits/basic" },
    "I": { "tag": "forge:ingots/iron" },
    "R": { "tag": "forge:dusts/redstone" }
  },
  "pattern": ["RAR", "BCB", "IAI"],
  "result": { "item": "mekanismgenerators:bio_generator" }
}
