{
  "conditions": [
    {
      "type": "forge:item_exists",
      "item": "mekanismgenerators:gas_burning_generator"
    }
  ],
  "type": "create:mechanical_crafting",
  "acceptMirrored": true,
  "key": {
    "A": {
      "tag": "mekanism:alloys/infused"
    },
    "C": {
      "item": "mekanism:electrolytic_core"
    },
    "O": {
      "tag": "forge:ingots/osmium"
    },
    "X": {
      "item": "mekanism:steel_casing"
    }
  },
  "pattern": ["OAO", "XCX", "OAO"],
  "result": {
    "count": 1,
    "item": "mekanismgenerators:gas_burning_generator"
  }
}
