{
  "conditions": [
    {
      "type": "forge:item_exists",
      "item": "mekanismgenerators:heat_generator"
    }
  ],
  "type": "create:mechanical_crafting",
  "acceptMirrored": true,
  "key": {
    "F": {
      "item": "minecraft:furnace"
    },
    "I": {
      "tag": "forge:plates/steel"
    },
    "C": {
      "tag": "forge:plates/copper"
    },
    "c": {
      "item": "mekanism:basic_control_circuit"
    },
    "A": {
      "item": "createaddition:alternator"
    },
    "T": {
      "item": "create:fluid_tank"
    },
    "S": {
      "item": "tfmg:exhaust"
    }
  },
  "pattern": [" TcT ", "ITSTI", "ICACI", "ICFCI"],
  "result": {
    "count": 1,
    "item": "mekanismgenerators:heat_generator"
  }
}
