{
    "type": "automobility:auto_mechanic_table",
    "category": "automobility:engines",
    "sortnum": 3,
    "ingredients": [
        {"item": "tfmg:gasoline_engine"},
        {"item": "tfmg:gasoline_engine"},
        {"item": "tfmg:gasoline_engine"},
        {"item": "tfmg:exhaust"},
        {"item": "tfmg:air_intake"},
        {"item": "create:sequenced_gearshift"},
        {"item": "tfmg:steel_fluid_tank"},
        {"item": "create:clutch"},
        {"tag": "forge:storage_blocks/gold"}
    ],
    "result": {
        "item": "automobility:automobile_engine",
        "component": "automobility:gold"
    }
}