{
  "type": "createsifter:sifting",
  "ingredients": [
    {
      "item": "minecraft:sand"
    },
    {
      "item": "createsifter:brass_mesh"
    }
  ],
  "processingTime": 500,
  "results": [
    {
      "chance": 0.025,
      "count": 2,
      "item": "minecraft:redstone"
    },
    {
      "chance": 0.01,
      "item": "minecraft:glowstone_dust"
    },
    {
      "chance": 0.04,
      "item": "minecraft:bone_meal"
    },
    {
      "chance": 0.005,
      "item": "minecraft:blaze_powder"
    },
    {
      "chance": 0.02,
      "item": "create:experience_nugget"
    }
  ]
}