{
    "type": "create:mechanical_crafting",
    "pattern": [
        "  O  ",
        "  O  ",
        "OOAOO",
        " CSC ",
        "  S  ",
        "  S  ",
        "  S  ",
        "  S  ",
        "  S  ",
        "  S  "
    ],
    "key":{
        "A": {
            "item":"createaddition:alternator"
        },
        "O": {
            "item":"immersiveengineering:alu_post"
        },
        "C": {
            "item":"mekanism:basic_control_circuit"
        },
        "S": {
            "tag":"forge:storage_blocks/steel"
        }
    },
    "result": {
        "item":"mekanismgenerators:wind_generator"
    }
}