{
  "type": "minecraft:crafting_shaped",
  "conditions": [
    {
      "type": "forge:and",
      "values": [
        {
          "type": "forge:mod_loaded",
          "modid": "create"
        },
        {
          "type": "forge:not",
          "value": {
            "type": "forge:mod_loaded",
            "modid": "immersiveengineering"
          }
        }
      ]
    }
  ],
  "category": "misc",
  "key": {
    "A": {
      "tag": "forge:ingots/gold"
    },
    "E": {
      "item": "create:electron_tube"
    },
    "S": {
      "tag": "forge:rods/wooden"
    }
  },
  "pattern": ["A A", "ASA", "AEA"],
  "result": {
    "count": 6,
    "item": "create:controller_rail"
  },
  "show_notification": true
}
