{
  "conditions": [
    {
      "type": "forge:mod_loaded",
      "modid": "create"
    }
  ],
  "type": "minecraft:crafting_shaped",
  "key": {
    "B": {
      "tag": "minecraft:buttons"
    },
    "C": {
      "item": "create:andesite_casing"
    },
    "I": {
      "item": "create:precision_mechanism"
    },
    "L": {
      "item": "create:precision_mechanism"
    }
  },
  "pattern": ["LBL", " C ", " I "],
  "result": {
    "item": "create:contraption_controls"
  }
}
