{
  "conditions": [
    {
      "type": "forge:mod_loaded",
      "modid": "create"
    }
  ],
  "type": "minecraft:crafting_shaped",
  "key": {
    "B": {
      "item": "create:precision_mechanism"
    },
    "C": {
      "item": "create:brass_casing"
    },
    "D": {
      "item": "create:cogwheel"
    },
    "P": {
      "item": "create:crafting_blueprint"
    },
    "R": {
      "item": "minecraft:crafting_table"
    }
  },
  "pattern": [" B ", "PCP", "RDR"],
  "result": {
    "count": 1,
    "item": "create:mechanical_crafter"
  }
}
