{
    "type": "automobility:auto_mechanic_table",
    "condition":
    {
        "type": "forge:mod_loaded",
        "modid": "automobility"
      },
    "category": "automobility:attachments",
    "sortnum": 1,
    "ingredients": [
        {
            "item": "minecraft:stick"
        },
        {
            "tag": "minecraft:stone_crafting_materials"
        },
        {
            "item": "minecraft:gold_ingot"
        },
        {
            "item": "minecraft:copper_ingot"
        },
        {
            "item": "minecraft:gold_ingot"
        },
        {
            "tag": "minecraft:stone_crafting_materials"
        },
        {
            "item": "minecraft:stick"
        }
    ],
    "result": {
        "item": "automobility:front_attachment",
        "component": "automobility:crop_harvester"
    }
}