{
    "type": "create:sequenced_assembly",
    "ingredient": {
        "item": "create:brass_sheet"
    },
    "transitionalItem": {
        "item": "create:brass_sheet"
    },
    "sequence": [
        {
            "type": "create:deploying",
            "ingredients": [
                {
                    "item": "create:brass_sheet"
                },
                {
                    "item": "immersiveengineering:mold_bullet_casing"
                }
            ],
            "results": [
                {
                    "item": "create:brass_sheet"
                }
            ],
            "keepHeldItem": true
        },
        {
            "type": "create:pressing",
            "ingredients": [
                {
                    "item": "create:brass_sheet"
                }
            ],
            "results": [
                {
                    "item": "alloyedguns:basic_bullet_casing"
                }
            ]
        }
    ],
    "results": [
        {
            "item": "alloyedguns:basic_bullet_casing",
            "count": 4
        }
    ],
    "loops": 1
}