{
  "type": "create:sequenced_assembly",
  "ingredient": {
    "item": "alloyedguns:empty_shell"
  },
  "transitionalItem": {
    "item": "alloyedguns:incomplete_basic_bullet"
  },
  "sequence": [
    {
      "type": "create:deploying",
      "ingredients": [
        {
          "item": "alloyedguns:empty_shell"
        },
        [
          {
            "tag": "forge:gunpowder"
          }
        ]
      ],
      "results": [
        {
          "item": "alloyedguns:incomplete_shell"
        }
      ]
    },
    {
      "type": "create:deploying",
      "ingredients": [
        {
          "item": "alloyedguns:incomplete_shell"
        },
        [
          {
            "item": "create:crushed_raw_iron"
          }
        ]
      ],
      "results": [
        {
          "item": "alloyedguns:incomplete_shell"
        }
      ]
    }
  ],
  "results": [
    {
      "item": "cgm:shell"
    }
  ],
  "loops": 1
}