{
  "type": "create:sequenced_assembly",
  "ingredient": {
    "item": "minecraft:crossbow"
  },
  "transitionalItem": {
    "item": "alloyedguns:unfinished_shotgun"
  },
  "sequence": [
    {
      "type": "create:deploying",
      "ingredients": [
        {
          "item": "minecraft:crossbow"
        },
        [
          {
            "item": "alloyedguns:small_steel_pipe"
          }
        ]
      ],
      "results": [
        {
          "item": "alloyedguns:unfinished_shotgun"
        }
      ]
    },
    {
      "type": "create:deploying",
      "ingredients": [
        {
          "item": "alloyedguns:unfinished_shotgun"
        },
        [
          {
            "item": "alloyedguns:small_steel_pipe"
          }
        ]
      ],
      "results": [
        {
          "item": "alloyedguns:unfinished_shotgun"
        }
      ]
    },
    {
      "type": "create:deploying",
      "ingredients": [
        {
          "item": "alloyedguns:unfinished_shotgun"
        },
        [
          {
            "item": "alloyedguns:basic_gun_kit"
          }
        ]
      ],
      "results": [
        {
          "item": "alloyedguns:unfinished_shotgun"
        }
      ]
    }
  ],
  "results": [
    {
      "item": "cgm:shotgun"
    }
  ],
  "loops": 1
}