{
  "conditions": [
    {
      "type": "forge:and",
      "values": [
        {
          "type": "forge:mod_loaded",
          "modid": "immersiveengineering"
        },
        {
          "type": "forge:or",
          "values": [
            {
              "type": "forge:not",
              "value": {
                "type": "forge:mod_loaded",
                "modid": "create"
              }
            },
            {
              "type": "forge:not",
              "value": {
                "type": "forge:mod_loaded",
                "modid": "tfmg"
              }
            }
          ]
        }
      ]
    }
  ],
  "type": "minecraft:crafting_shaped",
  "category": "misc",
  "key": {
    "c": {
      "item": "immersiveengineering:component_iron"
    },
    "i": {
      "tag": "forge:ingots/iron"
    },
    "l": {
      "item": "immersiveengineering:coil_lv"
    },
    "r": {
      "tag": "forge:dusts/redstone"
    }
  },
  "pattern": ["rcr", "ili"],
  "result": {
    "item": "immersiveengineering:dynamo"
  },
  "show_notification": true
}
