{
  "conditions": [
    {
      "type": "forge:and",
      "values": [
        {
          "type": "forge:mod_loaded",
          "modid": "create"
        },
        {
          "type": "forge:or",
          "values": [
            {
              "type": "forge:not",
              "value": {
                "type": "forge:mod_loaded",
                "modid": "immersiveengineering"
              }
            },
            {
              "type": "forge:tag_empty",
              "tag": "forge:rods/steel"
            }
          ]
        }
      ]
    }
  ]
}
