{
  "conditions": [
    {
      "type": "forge:and",
      "values": [
        {
          "type": "forge:mod_loaded",
          "modid": "immersiveengineering"
        },
        {
          "type": "forge:or",
          "values": [
            {
              "type": "forge:not",
              "value": {
                "type": "forge:mod_loaded",
                "modid": "create"
              }
            }
          ]
        }
      ]
    }
  ],
  "type": "immersiveengineering:turn_and_copy",
  "category": "misc",
  "key": {
    "c": {
      "tag": "forge:ingots/copper"
    },
    "i": {
      "tag": "forge:sheetmetals/iron"
    },
    "r": {
      "tag": "forge:dusts/redstone"
    }
  },
  "pattern": ["iri", "rcr", "iri"],
  "quarter_turn": true,
  "result": {
    "count": 4,
    "item": "immersiveengineering:rs_engineering"
  },
  "show_notification": true
}
