{
    "type": "create:mechanical_crafting",
    "pattern": [
    "cic",
    "ele",
    "eee"
    ],
    "key": {
      "e":{
        "tag":"forge:plates/constantan"
      },
      "i":{
        "tag":"forge:storage_blocks/steel"
      },
      "l":{
        "item":"immersiveengineering:graphite_electrode"
      },
      "c":{
        "item":"mekanism:basic_control_circuit"
      }
    },
    "result": {
      "item":"immersiveengineering:thermoelectric_generator"
    }
  }