{
    "type": "createsifter:sifting",
    "ingredients": [
      {
        "item": "minecraft:soul_sand"
      },
      {
        "item": "createsifter:advanced_brass_mesh"
      }
    ],
    "processingTime": 500,
    "results": [
      {
        "chance": 0.045,
        "item": "minecraft:quartz"
      },
      {
        "chance": 0.015,
        "item": "minecraft:quartz"
      },
      {
        "chance": 0.005,
        "item": "minecraft:ghast_tear"
      }
    ]
  }