{
  "type": "immersiveengineering:metal_press",
  "conditions": [
    {
      "type": "forge:not",
      "value": {
        "type": "forge:tag_empty",
        "tag": "forge:ingots/zinc"
      }
    },
    {
      "type": "forge:not",
      "value": {
        "type": "forge:tag_empty",
        "tag": "forge:plates/zinc"
      }
    }
  ],
  "energy": 2400,
  "input": {
    "tag": "forge:ingots/zinc"
  },
  "mold": "immersiveengineering:mold_plate",
  "result": {
    "tag": "forge:plates/zinc"
  }
}
