{
    "type": "immersiveengineering:metal_press",
    "conditions": [
        {
            "type": "forge:not",
            "value": {
                "type": "forge:tag_empty",
                "tag": "forge:ingots/brass"
            }
        },
        {
            "type": "forge:item_exists",
            "item": "create:brass_sheet"
        },
        {
            "type": "forge:not",
            "value": {
                "type": "forge:tag_empty",
                "tag": "forge:plates/brass"
            }
        }
    ],
    "energy": 2400,
    "input": {
        "tag": "forge:ingots/brass"
    },
    "mold": "immersiveengineering:mold_plate",
    "result": {
        "item": "create:brass_sheet"
    }
}