{
    "type": "immersiveengineering:metal_press",
    "conditions": [
        {
            "type": "forge:not",
            "value": {
                "type": "forge:tag_empty",
                "tag": "forge:ingots/bronze"
            }
        },
        {
            "type": "forge:item_exists",
            "item": "alloyed:bronze_sheet"
        }
    ],
    "energy": 2400,
    "input": {
        "tag": "forge:ingots/bronze"
    },
    "mold": "immersiveengineering:mold_plate",
    "result": {
        "item": "alloyed:bronze_sheet"
    }
}