{
  "type": "create:sequenced_assembly",
  "ingredient": {
    "item": "create:metal_girder"
  },
  "loops": 1,
  "results": [
    {
      "count": 6,
      "item": "railways:track_monorail"
    }
  ],
  "sequence": [
    {
      "type": "create:deploying",
      "ingredients": [
        {
          "item": "railways:track_incomplete_monorail"
        },
        {
          "item": "create:metal_bracket"
        }
      ],
      "results": [
        {
          "item": "railways:track_incomplete_monorail"
        }
      ]
    },
    {
      "type": "create:deploying",
      "ingredients": [
        {
          "item": "railways:track_incomplete_monorail"
        },
        {
          "tag": "railways:internal/plates/iron_plates"
        }
      ],
      "results": [
        {
          "item": "railways:track_incomplete_monorail"
        }
      ]
    },
    {
      "type": "create:pressing",
      "ingredients": [
        {
          "item": "railways:track_incomplete_monorail"
        }
      ],
      "results": [
        {
          "item": "railways:track_incomplete_monorail"
        }
      ]
    }
  ],
  "transitionalItem": {
    "item": "railways:track_incomplete_monorail"
  }
}