{
  "type": "create:sequenced_assembly",
  "ingredient": {
    "tag": "create:sleepers"
  },
  "loops": 1,
  "results": [
    {
      "item": "railways:track_create_andesite_narrow"
    }
  ],
  "sequence": [
    {
      "type": "create:cutting",
      "ingredients": [
        {
          "item": "railways:track_incomplete_create_andesite_narrow"
        }
      ],
      "results": [
        {
          "item": "railways:track_incomplete_create_andesite_narrow"
        }
      ]
    },
    {
      "type": "create:deploying",
      "ingredients": [
        {
          "item": "railways:track_incomplete_create_andesite_narrow"
        },
        [
          {
            "tag": "forge:rods/steel"
          }
        ]
      ],
      "results": [
        {
          "item": "railways:track_incomplete_create_andesite_narrow"
        }
      ]
    },
    {
      "type": "create:pressing",
      "ingredients": [
        {
          "item": "railways:track_incomplete_create_andesite_narrow"
        }
      ],
      "results": [
        {
          "item": "railways:track_incomplete_create_andesite_narrow"
        }
      ]
    }
  ],
  "transitionalItem": {
    "item": "railways:track_incomplete_create_andesite_narrow"
  }
}