{
  "type": "create:sequenced_assembly",
  "conditions": [
    {
      "type": "forge:mod_loaded",
      "modid": "biomesoplenty"
    }
  ],
  "fabric:load_conditions": [
    {
      "condition": "fabric:all_mods_loaded",
      "values": [
        "biomesoplenty"
      ]
    }
  ],
  "ingredient": {
    "item": "biomesoplenty:hellbark_slab"
  },
  "loops": 1,
  "results": [
    {
      "item": "railways:track_biomesoplenty_hellbark_narrow"
    }
  ],
  "sequence": [
    {
      "type": "create:cutting",
      "ingredients": [
        {
          "item": "railways:track_incomplete_biomesoplenty_hellbark_narrow"
        }
      ],
      "results": [
        {
          "item": "railways:track_incomplete_biomesoplenty_hellbark_narrow"
        }
      ]
    },
    {
      "type": "create:deploying",
      "ingredients": [
        {
          "item": "railways:track_incomplete_biomesoplenty_hellbark_narrow"
        },
        [
          {
            "tag": "forge:rods/steel"
          }
        ]
      ],
      "results": [
        {
          "item": "railways:track_incomplete_biomesoplenty_hellbark_narrow"
        }
      ]
    },
    {
      "type": "create:pressing",
      "ingredients": [
        {
          "item": "railways:track_incomplete_biomesoplenty_hellbark_narrow"
        }
      ],
      "results": [
        {
          "item": "railways:track_incomplete_biomesoplenty_hellbark_narrow"
        }
      ]
    }
  ],
  "transitionalItem": {
    "item": "railways:track_incomplete_biomesoplenty_hellbark_narrow"
  }
}