{
  "type": "immersiveengineering:arc_furnace",
  "additives": [
    {
      "tag": "forge:ingots/zinc"
    }
  ],
  "conditions": [
    {
      "type": "forge:not",
      "value": {
        "type": "forge:tag_empty",
        "tag": "forge:ingots/brass"
      }
    },
    {
      "type": "forge:not",
      "value": {
        "type": "forge:tag_empty",
        "tag": "forge:ingots/zinc"
      }
    }
  ],
  "energy": 51200,
  "input": {
    "tag": "forge:ingots/copper"
  },
  "results": [
    {
      "base_ingredient": {
        "tag": "create:brass_ingot"
      },
      "count": 2
    }
  ],
  "time": 100
}
